Workbook
Name 祝日: Sheet2!$A$1:$D$19

Sheet Sheet1
A1: " | B1: 45658 | C1: " | D1: , | E1: " | F1: =J1 -> 0 | G1: " | J1: =IF(OR(WEEKDAY(B1,2)>5, ISNUMBER(MATCH(B1, Sheet2!A$2:A$100, 0))), 1, 0) -> 0
A2: " | B2: =B1+1 -> 45659 | C2: " | D2: , | E2: " | F2: =J2 -> 0 | G2: " | J2: =IF(OR(WEEKDAY(B2,2)>5, ISNUMBER(MATCH(B2, Sheet2!A$2:A$100, 0))), 1, 0) -> 0
A3: " | B3: =B2+1 -> 45660 | C3: " | D3: , | E3: " | F3: =J3 -> 0 | G3: " | J3: =IF(OR(WEEKDAY(B3,2)>5, ISNUMBER(MATCH(B3, Sheet2!A$2:A$100, 0))), 1, 0) -> 0
A4: " | B4: =B3+1 -> 45661 | C4: " | D4: , | E4: " | F4: =J4 -> 1 | G4: " | J4: =IF(OR(WEEKDAY(B4,2)>5, ISNUMBER(MATCH(B4, Sheet2!A$2:A$100, 0))), 1, 0) -> 1
A5: " | B5: =B4+1 -> 45662 | C5: " | D5: , | E5: " | F5: =J5 -> 1 | G5: " | J5: =IF(OR(WEEKDAY(B5,2)>5, ISNUMBER(MATCH(B5, Sheet2!A$2:A$100, 0))), 1, 0) -> 1
A6: " | B6: =B5+1 -> 45663 | C6: " | D6: , | E6: " | F6: =J6 -> 0 | G6: " | J6: =IF(OR(WEEKDAY(B6,2)>5, ISNUMBER(MATCH(B6, Sheet2!A$2:A$100, 0))), 1, 0) -> 0
A7: " | B7: =B6+1 -> 45664 | C7: " | D7: , | E7: " | F7: =J7 -> 0 | G7: " | J7: =IF(OR(WEEKDAY(B7,2)>5, ISNUMBER(MATCH(B7, Sheet2!A$2:A$100, 0))), 1, 0) -> 0
A8: " | B8: =B7+1 -> 45665 | C8: " | D8: , | E8: " | F8: =J8 -> 0 | G8: " | J8: =IF(OR(WEEKDAY(B8,2)>5, ISNUMBER(MATCH(B8, Sheet2!A$2:A$100, 0))), 1, 0) -> 0
A9: " | B9: =B8+1 -> 45666 | C9: " | D9: , | E9: " | F9: =J9 -> 0 | G9: " | J9: =IF(OR(WEEKDAY(B9,2)>5, ISNUMBER(MATCH(B9, Sheet2!A$2:A$100, 0))), 1, 0) -> 0
A10: " | B10: =B9+1 -> 45667 | C10: " | D10: , | E10: " | F10: =J10 -> 0 | G10: " | J10: =IF(OR(WEEKDAY(B10,2)>5, ISNUMBER(MATCH(B10, Sheet2!A$2:A$100, 0))), 1, 0) -> 0
A11: " | B11: =B10+1 -> 45668 | C11: " | D11: , | E11: " | F11: =J11 -> 1 | G11: " | J11: =IF(OR(WEEKDAY(B11,2)>5, ISNUMBER(MATCH(B11, Sheet2!A$2:A$100, 0))), 1, 0) -> 1
A12: " | B12: =B11+1 -> 45669 | C12: " | D12: , | E12: " | F12: =J12 -> 1 | G12: " | J12: =IF(OR(WEEKDAY(B12,2)>5, ISNUMBER(MATCH(B12, Sheet2!A$2:A$100, 0))), 1, 0) -> 1
A13: " | B13: =B12+1 -> 45670 | C13: " | D13: , | E13: " | F13: =J13 -> 1 | G13: " | J13: =IF(OR(WEEKDAY(B13,2)>5, ISNUMBER(MATCH(B13, Sheet2!A$2:A$100, 0))), 1, 0) -> 1
... A365: " | B365: =B364+1 -> 46022 | C365: " | D365: , | E365: " | F365: =J365 -> 0 | G365: " | J365: =IF(OR(WEEKDAY(B365,2)>5, ISNUMBER(MATCH(B365, Sheet2!A$2:A$100, 0))), 1, 0) -> 0
B366: =B365+1 -> 46023

Sheet Sheet3
A1: calender_date | B1: holiday_flg
A2: =Sheet1!B1 -> 45658 | B2: =Sheet1!F1 -> 0
A3: =A2+1 -> 45659 | B3: =Sheet1!F2 -> 0
A4: =A3+1 -> 45660 | B4: =Sheet1!F3 -> 0
A5: =A4+1 -> 45661 | B5: =Sheet1!F4 -> 1
A6: =A5+1 -> 45662 | B6: =Sheet1!F5 -> 1
A7: =A6+1 -> 45663 | B7: =Sheet1!F6 -> 0
A8: =A7+1 -> 45664 | B8: =Sheet1!F7 -> 0
A9: =A8+1 -> 45665 | B9: =Sheet1!F8 -> 0
A10: =A9+1 -> 45666 | B10: =Sheet1!F9 -> 0
A11: =A10+1 -> 45667 | B11: =Sheet1!F10 -> 0
A12: =A11+1 -> 45668 | B12: =Sheet1!F11 -> 1
A13: =A12+1 -> 45669 | B13: =Sheet1!F12 -> 1
A14: =A13+1 -> 45670 | B14: =Sheet1!F13 -> 1
... A366: =A365+1 -> 46022 | B366: =Sheet1!F365 -> 0
A367: =A366+1 -> 46023

Sheet Sheet2
A1: 45658 | B1: 水 | C1: 元日
A2: 45670 | B2: 月 | C2: 成人の日
A3: 45699 | B3: 火 | C3: 建国記念の日
A4: 45711 | B4: 日 | C4: 天皇誕生日
A5: 45712 | B5: 月 | C5: 振替休日 | D5: 祝日法第3条第2項による休日
A6: 45736 | B6: 木 | C6: 春分の日
A7: 45776 | B7: 火 | C7: 昭和の日
A8: 45780 | B8: 土 | C8: 憲法記念日
A9: 45781 | B9: 日 | C9: みどりの日
A10: 45782 | B10: 月 | C10: こどもの日
A11: 45783 | B11: 火 | C11: 振替休日 | D11: 祝日法第3条第2項による休日
A12: 45859 | B12: 月 | C12: 海の日
A13: 45880 | B13: 月 | C13: 山の日
A14: 45915 | B14: 月 | C14: 敬老の日
A15: 45923 | B15: 火 | C15: 秋分の日
A16: 45943 | B16: 月 | C16: スポーツの日
A17: 45964 | B17: 月 | C17: 文化の日
A18: 45984 | B18: 日 | C18: 勤労感謝の日
A19: 45985 | B19: 月 | C19: 振替休日 | D19: 祝日法第3条第2項による休日
